epoch,step,train_loss,train_ortho_penalty,train_recon_mse,train_task_mse,train_tau_value,val_loss,val_ortho_penalty,val_recon_mse,val_task_mse,val_tau_value
0,49,5.214420318603516,0.3098343014717102,0.38764622807502747,2.9663548469543457,0.10047993063926697,,,,,
0,99,3.075929880142212,0.014390125870704651,0.29413074254989624,1.5908857583999634,0.10101237893104553,,,,,
0,149,2.2567379474639893,0.0005515068769454956,0.23291277885437012,1.0916224718093872,0.10151363909244537,,,,,
0,199,1.7789411544799805,0.0012872517108917236,0.19430111348628998,0.8061483502388,0.10206769406795502,,,,,
0,249,1.6100208759307861,0.0007446408271789551,0.17241309583187103,0.7472108602523804,0.10256224870681763,,,,,
0,264,,,,,,2.593393325805664,0.0013559013605117798,0.2546149492263794,1.318962574005127,0.10268275439739227
1,299,1.4974502325057983,0.00043933093547821045,0.1596868932247162,0.6985764503479004,0.10290200263261795,,,,,
1,349,1.3357887268066406,0.0005050152540206909,0.1425653100013733,0.6224572658538818,0.10311078280210495,,,,,
1,399,1.3108304738998413,0.00032010674476623535,0.1336926370859146,0.6420472264289856,0.10320043563842773,,,,,
1,449,1.2759722471237183,0.0006317198276519775,0.12859657406806946,0.6323577165603638,0.10321006923913956,,,,,
1,499,1.2652709484100342,0.0028756558895111084,0.12848570942878723,0.6199667453765869,0.10324549674987793,,,,,
1,529,,,,,,1.9613454341888428,0.0002630650997161865,0.15584895014762878,1.181838035583496,0.10325855761766434
2,549,1.1581517457962036,0.0016068369150161743,0.10918775200843811,0.6106061339378357,0.10325871407985687,,,,,
2,599,1.1858084201812744,0.003044039011001587,0.11424779891967773,0.6115254163742065,0.10325103253126144,,,,,
2,649,1.1706150770187378,0.0014611780643463135,0.10848992317914963,0.6267043352127075,0.10324859619140625,,,,,
2,699,1.0029195547103882,0.0009171515703201294,0.10042298585176468,0.4998874366283417,0.10326208919286728,,,,,
2,749,1.0757911205291748,0.00022557377815246582,0.10639649629592896,0.5435830950737,0.10328449308872223,,,,,
2,794,,,,,,1.7537100315093994,0.0005984455347061157,0.12714871764183044,1.1173678636550903,0.10329588502645493
3,799,0.9831013679504395,2.8461217880249023e-05,0.09911762177944183,0.48748475313186646,0.10329505801200867,,,,,
3,849,0.9953149557113647,0.0008364617824554443,0.10032715648412704,0.49284273386001587,0.10334774106740952,,,,,
3,899,1.012003779411316,8.647143840789795e-05,0.09899985045194626,0.5169181227684021,0.10337047278881073,,,,,
3,949,0.9095667600631714,0.0006093084812164307,0.09234065562486649,0.4472541809082031,0.10345213115215302,,,,,
3,999,0.9741437435150146,0.00017133355140686035,0.10568849742412567,0.4455299377441406,0.10350019484758377,,,,,
3,1049,0.9794223308563232,0.000626102089881897,0.09962563216686249,0.4806680381298065,0.10355710983276367,,,,,
3,1059,,,,,,1.6679513454437256,0.0012838244438171387,0.11673535406589508,1.0829912424087524,0.1035696491599083
4,1099,0.9791412353515625,0.0014557689428329468,0.10046973824501038,0.47533681988716125,0.10366452485322952,,,,,
4,1149,1.0157451629638672,0.001836538314819336,0.1058446392416954,0.48468536138534546,0.10374725610017776,,,,,
4,1199,0.8400237560272217,0.0007705986499786377,0.09597000479698181,0.3594031035900116,0.10385087877511978,,,,,
4,1249,0.9603813290596008,4.112720489501953e-06,0.10427262634038925,0.4390140771865845,0.10395901650190353,,,,,
4,1299,0.897548258304596,0.0004262775182723999,0.0943954735994339,0.42514461278915405,0.10409023612737656,,,,,
4,1324,,,,,,1.6040762662887573,0.00041995197534561157,0.11111772060394287,1.0480674505233765,0.10415074974298477
5,1349,0.8751361966133118,0.00040715187788009644,0.10008905082941055,0.3742838203907013,0.10424357652664185,,,,,
5,1399,0.9017999768257141,0.001089341938495636,0.10255102068185806,0.38795554637908936,0.1043163537979126,,,,,
5,1449,0.9443233609199524,0.0008606091141700745,0.10980048030614853,0.3944603204727173,0.1044381782412529,,,,,
5,1499,0.8823767900466919,0.00023790448904037476,0.10588528960943222,0.3527124524116516,0.1045997217297554,,,,,
5,1549,1.013900637626648,0.0012676939368247986,0.12104859203100204,0.40738996863365173,0.10475755482912064,,,,,
5,1589,,,,,,1.6026266813278198,0.0003593340516090393,0.11592168360948563,1.0226584672927856,0.10490860790014267
6,1599,1.036519169807434,0.0006590932607650757,0.12127137184143066,0.4295032322406769,0.10494552552700043,,,,,
6,1649,1.0854278802871704,0.001248084008693695,0.12694139778614044,0.4494727551937103,0.10503218322992325,,,,,
6,1699,1.036966323852539,3.672391176223755e-05,0.12556876242160797,0.40908583998680115,0.10520869493484497,,,,,
6,1749,1.015363097190857,0.0010253041982650757,0.11965452134609222,0.41606518626213074,0.10539792478084564,,,,,
6,1799,1.060307502746582,0.0022363439202308655,0.13243354856967926,0.3959033787250519,0.10558458417654037,,,,,
6,1849,0.9843699336051941,0.001866273581981659,0.12189337611198425,0.3730367422103882,0.10574698448181152,,,,,
6,1854,,,,,,1.6163536310195923,0.0010724663734436035,0.11656013131141663,1.0324811935424805,0.10579243302345276
7,1899,1.1385676860809326,0.003134004771709442,0.14422060549259186,0.4143306612968445,0.10597936809062958,,,,,
7,1949,1.161947250366211,0.00010816752910614014,0.13925746083259583,0.46555185317993164,0.10615622252225876,,,,,
7,1999,1.0192011594772339,0.0006225183606147766,0.12731093168258667,0.38202396035194397,0.1063808873295784,,,,,
7,2049,1.0140268802642822,9.193271398544312e-05,0.12195231020450592,0.40417346358299255,0.10652158409357071,,,,,
7,2099,1.1019554138183594,0.002821780741214752,0.14616172015666962,0.36832502484321594,0.10674510151147842,,,,,
7,2119,,,,,,1.6239408254623413,0.0007739141583442688,0.11557640135288239,1.0452847480773926,0.10681723058223724
8,2149,1.0365893840789795,9.685754776000977e-07,0.13588973879814148,0.3571396768093109,0.10692746192216873,,,,,
8,2199,1.0476034879684448,0.0028008446097373962,0.13209132850170135,0.384346067905426,0.10715660452842712,,,,,
8,2249,0.9849716424942017,0.0007210820913314819,0.1109275370836258,0.4296128451824188,0.10735578835010529,,,,,
8,2299,0.9874595999717712,0.0004958435893058777,0.12001663446426392,0.3868805766105652,0.10757599025964737,,,,,
8,2349,0.8973233699798584,0.0006694644689559937,0.10690602660179138,0.3621237576007843,0.10785035043954849,,,,,
8,2384,,,,,,1.585298776626587,0.0024311586748808622,0.10572589933872223,1.054237961769104,0.10798805207014084
9,2399,0.9776801466941833,0.0016414672136306763,0.11857950687408447,0.3831411302089691,0.1080518588423729,,,,,
9,2449,0.9602710008621216,0.0004830583930015564,0.11689751595258713,0.37530040740966797,0.10829371958971024,,,,,
9,2499,0.9375327825546265,0.00271441787481308,0.10692830383777618,0.40017691254615784,0.10858878493309021,,,,,
9,2549,0.8455360531806946,0.0001944899559020996,0.09873467683792114,0.3516681492328644,0.10884586721658707,,,,,
9,2599,0.9258702397346497,0.0006995797157287598,0.10568709671497345,0.39673516154289246,0.10907641053199768,,,,,
9,2649,1.447827696800232,0.0012967362999916077,0.05337565392255783,1.1796526908874512,0.10934176295995712,,,,,
9,2649,,,,,,1.6089258193969727,0.0015024393796920776,0.10407362133264542,1.0870550870895386,0.10934697091579437
10,2699,0.8028033971786499,0.0013235434889793396,0.08950250595808029,0.3539673388004303,0.10959076881408691,,,,,
10,2749,0.9229323267936707,0.0008869990706443787,0.10878197848796844,0.37813547253608704,0.1098695620894432,,,,,
10,2799,0.9145094752311707,0.002339787781238556,0.0945797935128212,0.4392707645893097,0.11009836196899414,,,,,
10,2849,0.891546905040741,0.0010869354009628296,0.10351160913705826,0.37290191650390625,0.11035918444395065,,,,,
10,2899,0.7601028084754944,0.0005616024136543274,0.0859270915389061,0.32990574836730957,0.11065863817930222,,,,,
10,2914,,,,,,1.6238768100738525,0.0014099925756454468,0.10593055933713913,1.0928133726119995,0.11069335043430328
11,2949,0.8349274396896362,0.0006644055247306824,0.08679227530956268,0.40030163526535034,0.11091534048318863,,,,,
11,2999,0.7835273742675781,0.0003779977560043335,0.08974428474903107,0.33442795276641846,0.11118709295988083,,,,,
11,3049,0.8513392806053162,0.00034578144550323486,0.09582719206809998,0.37185755372047424,0.11144585907459259,,,,,
11,3099,0.8463127017021179,0.001865781843662262,0.08580591529607773,0.41541731357574463,0.11161395162343979,,,,,
11,3149,0.8386308550834656,0.00046769529581069946,0.09652596712112427,0.35553333163261414,0.11181900650262833,,,,,
11,3179,,,,,,1.6858596801757812,0.001060187816619873,0.1179320216178894,1.095139503479004,0.11201731860637665
12,3199,0.9139285087585449,0.0033727213740348816,0.10054287314414978,0.40784138441085815,0.1121133491396904,,,,,
12,3249,0.8301085829734802,0.001357242465019226,0.08638988435268402,0.3968019187450409,0.11239243298768997,,,,,
12,3299,0.8138636946678162,4.5336782932281494e-05,0.09333841502666473,0.3471262454986572,0.11263730376958847,,,,,
12,3349,0.8826910257339478,0.0012676417827606201,0.09845193475484848,0.38916367292404175,0.11289843171834946,,,,,
12,3399,0.9731805324554443,0.0016671046614646912,0.09286968410015106,0.5071650147438049,0.11312109977006912,,,,,
12,3444,,,,,,1.8646955490112305,0.00522326584905386,0.15134654939174652,1.1027394533157349,0.11332189291715622
13,3449,0.82659512758255,0.0014711543917655945,0.09492602199316025,0.350493848323822,0.11333980411291122,,,,,
13,3499,0.9434444904327393,0.001181870698928833,0.11399921774864197,0.3722664713859558,0.11355075985193253,,,,,
13,3549,0.8924050331115723,0.001032613217830658,0.10833133012056351,0.3497157394886017,0.11378899216651917,,,,,
13,3599,1.0166643857955933,0.0025589168071746826,0.12808163464069366,0.37369731068611145,0.11396975815296173,,,,,
13,3649,0.9128183722496033,0.0007175132632255554,0.11178156733512878,0.3531929850578308,0.11418485641479492,,,,,
13,3699,0.9102197289466858,0.0016005486249923706,0.109897680580616,0.35913074016571045,0.11432001739740372,,,,,
13,3709,,,,,,2.0414347648620605,5.8226291002938524e-05,0.18838182091712952,1.0994677543640137,0.11437512934207916
14,3749,0.8327143788337708,3.139674663543701e-05,0.11002104729413986,0.2825777232646942,0.11456556618213654,,,,,
14,3799,1.0520505905151367,0.00227326899766922,0.13184545934200287,0.39054998755455017,0.11470069736242294,,,,,
14,3849,0.9424231052398682,0.002308577299118042,0.1145709753036499,0.367259681224823,0.11488582193851471,,,,,
14,3899,1.0478729009628296,0.0025796517729759216,0.13816604018211365,0.35446298122406006,0.1150769367814064,,,,,
14,3949,0.9967995882034302,0.0005303323268890381,0.13169816136360168,0.3377784490585327,0.11528247594833374,,,,,
14,3974,,,,,,2.340195894241333,0.0017448067665100098,0.24385662376880646,1.1191673278808594,0.11537303775548935
15,3999,1.0557494163513184,0.000290796160697937,0.12634147703647614,0.4237512946128845,0.11539093405008316,,,,,
15,4049,1.1105172634124756,0.0020732134580612183,0.13817501068115234,0.41756904125213623,0.11554645746946335,,,,,
15,4099,1.0877892971038818,0.00159454345703125,0.13407038152217865,0.41584283113479614,0.11573575437068939,,,,,
15,4149,1.0924592018127441,0.001879274845123291,0.1471918225288391,0.35462090373039246,0.11590614169836044,,,,,
15,4199,1.1384334564208984,0.0006613880395889282,0.154073104262352,0.36740657687187195,0.116146020591259,,,,,
15,4239,,,,,,2.7266223430633545,0.00015267729759216309,0.31582340598106384,1.1473532915115356,0.11627327650785446
16,4249,1.24272882938385,0.001390106976032257,0.1642741560935974,0.41996800899505615,0.11630453914403915,,,,,
16,4299,1.0925476551055908,0.003169231116771698,0.14360889792442322,0.3713339567184448,0.11648358404636383,,,,,
16,4349,1.1610909700393677,0.0005304962396621704,0.15075986087322235,0.40676113963127136,0.1166548877954483,,,,,
16,4399,1.1638765335083008,0.002368360757827759,0.16560572385787964,0.3334796130657196,0.11685053259134293,,,,,
16,4449,1.2065885066986084,0.0006067752838134766,0.1703433245420456,0.354265034198761,0.11702346801757812,,,,,
16,4499,1.2427854537963867,0.0015844255685806274,0.17345307767391205,0.37393566966056824,0.1172461286187172,,,,,
16,4504,,,,,,2.7754621505737305,0.0028252601623535156,0.32492363452911377,1.1480188369750977,0.11725769937038422
17,4549,1.1575422286987305,0.0008113086223602295,0.14862927794456482,0.4135844111442566,0.1173660010099411,,,,,
17,4599,1.1888905763626099,0.0005227625370025635,0.16126446425914764,0.38204553723335266,0.11758916825056076,,,,,
17,4649,1.091141700744629,0.0015216618776321411,0.14937400817871094,0.3427499532699585,0.11778735369443893,,,,,
17,4699,1.1949013471603394,0.004952535033226013,0.16717404127120972,0.35407859086990356,0.1179492324590683,,,,,
17,4749,1.1784420013427734,0.0011922270059585571,0.15922468900680542,0.3811263144016266,0.11808701604604721,,,,,
17,4769,,,,,,2.720956563949585,0.0013791322708129883,0.31036174297332764,1.1677688360214233,0.11814051121473312
18,4799,1.0951814651489258,0.001000821590423584,0.14895816147327423,0.3493897616863251,0.11832136660814285,,,,,
18,4849,1.2175376415252686,1.2934207916259766e-05,0.16985879838466644,0.36823081970214844,0.11844480782747269,,,,,
18,4899,1.2105050086975098,0.0039042532444000244,0.16622045636177063,0.37549856305122375,0.11861126124858856,,,,,
18,4949,1.0501091480255127,0.0033855587244033813,0.15325134992599487,0.28046682476997375,0.11878827959299088,,,,,
18,4999,1.1536403894424438,0.001919083297252655,0.14708498120307922,0.41629645228385925,0.11900371313095093,,,,,
18,5034,,,,,,2.6743643283843994,0.0020011719316244125,0.2989455759525299,1.1776341199874878,0.11914408951997757
19,5049,0.843765377998352,0.0011179223656654358,0.10229260474443436,0.33118435740470886,0.11916210502386093,,,,,
19,5099,0.9809771180152893,0.0009929388761520386,0.1332577019929886,0.3136956989765167,0.11932944506406784,,,,,
19,5149,1.144164800643921,0.0010861605405807495,0.16135862469673157,0.3362855911254883,0.1194610744714737,,,,,
19,5199,1.0107464790344238,0.002156496047973633,0.13612951338291168,0.32794249057769775,0.1196909174323082,,,,,
19,5249,0.9556266665458679,0.0011632442474365234,0.13420464098453522,0.2834402322769165,0.11991718411445618,,,,,
19,5299,1.2444039583206177,0.0021642744541168213,0.1783667951822281,0.3504057824611664,0.12008368223905563,,,,,
19,5299,,,,,,2.5706405639648438,0.003245770698413253,0.27618399262428284,1.1864749193191528,0.12009247392416
20,5349,1.0539742708206177,0.0010235756635665894,0.14474128186702728,0.32924431562423706,0.12030820548534393,,,,,
20,5399,1.0441237688064575,0.0009163916110992432,0.13986125588417053,0.3439010977745056,0.12052453309297562,,,,,
20,5449,0.9705274105072021,0.0019998252391815186,0.12935471534729004,0.3217540383338928,0.12063726782798767,,,,,
20,5499,0.9409159421920776,9.500980377197266e-05,0.1256595402956009,0.3125232458114624,0.12088721990585327,,,,,
20,5549,1.0738418102264404,0.00012089312076568604,0.14701460301876068,0.3386479318141937,0.12101010233163834,,,,,
20,5564,,,,,,2.547971725463867,0.00046168267726898193,0.2689087688922882,1.2029670476913452,0.12107657641172409
21,5599,0.980919361114502,0.003398984670639038,0.13256829977035522,0.3146788477897644,0.1212201938033104,,,,,
21,5649,0.865650475025177,0.0015235692262649536,0.11133930087089539,0.3074304163455963,0.1213754341006279,,,,,
21,5699,1.0473949909210205,0.0007202774286270142,0.12827876210212708,0.4052809774875641,0.12157687544822693,,,,,
21,5749,1.0034747123718262,0.0012392401695251465,0.12820953130722046,0.36118772625923157,0.12178724259138107,,,,,
21,5799,0.8947573900222778,7.617473602294922e-05,0.11614303290843964,0.3139660656452179,0.12193827331066132,,,,,
21,5829,,,,,,2.5442981719970703,0.00014357268810272217,0.263021320104599,1.229048490524292,0.12202773988246918
22,5849,1.0596709251403809,7.034838199615479e-05,0.14803427457809448,0.3194292187690735,0.12213782966136932,,,,,
22,5899,1.0499452352523804,0.0046652257442474365,0.13693910837173462,0.36058440804481506,0.1222374439239502,,,,,
22,5949,1.0498203039169312,0.0035661160945892334,0.14641660451889038,0.31417107582092285,0.1224735900759697,,,,,
22,5999,0.9361072778701782,0.0009320825338363647,0.12020368874073029,0.3341567814350128,0.12267312407493591,,,,,
22,6049,1.102381944656372,0.0013060644268989563,0.15332473814487457,0.33445224165916443,0.12289360165596008,,,,,
22,6094,,,,,,2.571347951889038,0.0008750408887863159,0.2639579474925995,1.2506831884384155,0.12304972112178802
23,6099,1.036555528640747,0.0011671185493469238,0.13837873935699463,0.3434946835041046,0.12299100309610367,,,,,
23,6149,1.0076708793640137,0.0013282299041748047,0.12859006226062775,0.36339232325553894,0.12314456701278687,,,,,
23,6199,0.94923996925354,0.0005212873220443726,0.12523801624774933,0.32252857089042664,0.1232934296131134,,,,,
23,6249,1.102164626121521,0.0005943030118942261,0.14963020384311676,0.35341939330101013,0.12341900169849396,,,,,
23,6299,1.1190600395202637,5.5596232414245605e-05,0.1611076295375824,0.3134663701057434,0.12356516718864441,,,,,
23,6349,1.0049024820327759,0.000176161527633667,0.1366989016532898,0.32123181223869324,0.12367050349712372,,,,,
23,6359,,,,,,2.5873262882232666,0.0002644956111907959,0.2655809223651886,1.2591569423675537,0.12370195984840393
24,6399,1.1494412422180176,0.001012951135635376,0.16984879970550537,0.29918429255485535,0.12382703274488449,,,,,
24,6449,1.0805811882019043,0.0017164796590805054,0.15566235780715942,0.3005528748035431,0.12395605444908142,,,,,
24,6499,1.03425133228302,0.0007426738739013672,0.1485261768102646,0.2908777892589569,0.12409257143735886,,,,,
24,6549,1.0297794342041016,0.0014256015419960022,0.14309370517730713,0.31288525462150574,0.12417495250701904,,,,,
24,6599,1.1263700723648071,0.0018651708960533142,0.15830646455287933,0.33297258615493774,0.12431536614894867,,,,,
24,6624,,,,,,2.5705792903900146,0.0019240026595070958,0.26475033164024353,1.2449040412902832,0.12442807853221893
25,6649,0.9539670348167419,0.000600770115852356,0.13335207104682922,0.28660598397254944,0.12447170168161392,,,,,
25,6699,1.062589406967163,0.00042857974767684937,0.1419060379266739,0.3526306450366974,0.12461353093385696,,,,,
25,6749,0.9906005263328552,0.0018991827964782715,0.13120047748088837,0.3326989710330963,0.12473327666521072,,,,,
25,6799,1.1787641048431396,0.0009458214044570923,0.17640291154384613,0.2958037257194519,0.1248936653137207,,,,,
25,6849,0.9732710123062134,0.001575574278831482,0.13525307178497314,0.29543009400367737,0.12503349781036377,,,,,
25,6889,,,,,,2.639249563217163,0.0005490928888320923,0.2730814814567566,1.2732926607131958,0.12515415251255035
26,6899,0.9278078675270081,0.0013923197984695435,0.12328720092773438,0.3099795877933502,0.1251642256975174,,,,,
26,6949,1.1331725120544434,0.0030131936073303223,0.1637418270111084,0.3114503026008606,0.12532027065753937,,,,,
26,6999,1.0698891878128052,0.001359492540359497,0.15355636179447174,0.30074793100357056,0.12547674775123596,,,,,
26,7049,1.1369242668151855,0.0008347555994987488,0.17085148394107819,0.28183218836784363,0.12558209896087646,,,,,
26,7099,1.2772873640060425,0.001644223928451538,0.19275754690170288,0.31185537576675415,0.12570947408676147,,,,,
26,7149,1.0819802284240723,0.0010575652122497559,0.1605147421360016,0.27834898233413696,0.1258789747953415,,,,,
26,7154,,,,,,2.6735336780548096,0.0009674727916717529,0.27952972054481506,1.2749173641204834,0.1259024441242218
27,7199,0.976390540599823,0.0029181689023971558,0.12183959037065506,0.36427438259124756,0.1260506957769394,,,,,
27,7249,1.0701440572738647,0.0015197470784187317,0.14595721662044525,0.33883821964263916,0.12619727849960327,,,,,
27,7299,0.9331472516059875,0.0010224059224128723,0.12593373656272888,0.3024561107158661,0.1263052523136139,,,,,
27,7349,0.9344484806060791,0.003395356237888336,0.1273823231458664,0.2941414713859558,0.12641814351081848,,,,,
27,7399,1.062962532043457,0.0005802959203720093,0.145713210105896,0.3338161110877991,0.12656359374523163,,,,,
27,7419,,,,,,2.715294122695923,0.002186363097280264,0.2860160768032074,1.2830276489257812,0.12660251557826996
28,7449,1.081478476524353,0.000573277473449707,0.15655829012393951,0.29811373353004456,0.12664851546287537,,,,,
28,7499,0.9915767908096313,0.0005382224917411804,0.12968562543392181,0.3426104485988617,0.1268315315246582,,,,,
28,7549,1.1902518272399902,0.00010351836681365967,0.1736803501844406,0.3217466473579407,0.126979798078537,,,,,
28,7599,1.2635278701782227,0.00025960057973861694,0.1918926239013672,0.3038051724433899,0.12712524831295013,,,,,
28,7649,1.0409072637557983,0.00021329522132873535,0.1462041437625885,0.3096732795238495,0.1272437423467636,,,,,
28,7684,,,,,,2.769052505493164,0.0007898211479187012,0.2939099371433258,1.2987134456634521,0.12737177312374115
29,7699,1.0324430465698242,0.0018091797828674316,0.14516599476337433,0.30480384826660156,0.12740947306156158,,,,,
29,7749,0.9923719763755798,0.0006719231605529785,0.13756462931632996,0.3038768470287323,0.12754380702972412,,,,,
29,7799,1.2627407312393188,0.0008489936590194702,0.18697509169578552,0.32701626420021057,0.12769870460033417,,,,,
29,7849,1.1476393938064575,0.0005692392587661743,0.1735583245754242,0.2792784869670868,0.1278132051229477,,,,,
29,7899,0.9850773811340332,0.0006654709577560425,0.14127156138420105,0.27805405855178833,0.12801194190979004,,,,,
29,7949,1.4767400026321411,3.492087125778198e-05,0.25187620520591736,0.21732407808303833,0.12813085317611694,,,,,
29,7949,,,,,,2.8157832622528076,0.0005123093724250793,0.30370983481407166,1.2967214584350586,0.12813438475131989
30,7999,1.1459519863128662,0.00119037926197052,0.1662614494562149,0.313454270362854,0.12826816737651825,,,,,
30,8049,1.2162309885025024,0.000905945897102356,0.18272992968559265,0.30167534947395325,0.12840676307678223,,,,,
30,8099,1.0896857976913452,0.0011944323778152466,0.16067446768283844,0.285118967294693,0.12854893505573273,,,,,
30,8149,1.3119707107543945,0.0025944411754608154,0.20554570853710175,0.2816477417945862,0.12868721783161163,,,,,
30,8199,1.186725378036499,0.0020256564021110535,0.175008624792099,0.30965664982795715,0.12885315716266632,,,,,
30,8214,,,,,,2.850092649459839,0.0016673505306243896,0.31066766381263733,1.29508638381958,0.12888076901435852
31,8249,1.1297297477722168,0.0006295815110206604,0.1629883199930191,0.3141585886478424,0.12899324297904968,,,,,
31,8299,1.3488713502883911,0.00016820430755615234,0.1946781724691391,0.3753122389316559,0.12913742661476135,,,,,
31,8349,1.2013752460479736,0.00040605664253234863,0.16768628358840942,0.36253783106803894,0.1292402595281601,,,,,
31,8399,1.2839174270629883,0.0005052685737609863,0.1979650855064392,0.2935866415500641,0.129388228058815,,,,,
31,8449,1.1114566326141357,0.0009139180183410645,0.16182175278663635,0.30143389105796814,0.12954387068748474,,,,,
31,8479,,,,,,2.933403730392456,0.0003799870901275426,0.32837289571762085,1.2911590337753296,0.12963391840457916
32,8499,1.1435120105743408,0.001508764922618866,0.1705690324306488,0.2891581654548645,0.12963512539863586,,,,,
32,8549,1.2774040699005127,5.69075345993042e-05,0.1934811770915985,0.3099413216114044,0.12981237471103668,,,,,
32,8599,1.2050652503967285,0.0012450218200683594,0.17756642401218414,0.31598809361457825,0.12995120882987976,,,,,
32,8649,1.0780043601989746,0.001212097704410553,0.15348687767982483,0.3093579113483429,0.13007967174053192,,,,,
32,8699,1.0424096584320068,0.001398719847202301,0.1511295735836029,0.2853630483150482,0.13023124635219574,,,,,
32,8744,,,,,,3.0105204582214355,0.0009780898690223694,0.3414390981197357,1.3023476600646973,0.1303577721118927
33,8749,1.31966233253479,0.0016184598207473755,0.20170843601226807,0.30950161814689636,0.1303805410861969,,,,,
33,8799,1.256179690361023,0.002004064619541168,0.18607653677463531,0.323792964220047,0.1305379718542099,,,,,
33,8849,1.2021247148513794,0.003167755901813507,0.1838829666376114,0.2795422077178955,0.13066574931144714,,,,,
33,8899,1.3082771301269531,0.000986546277999878,0.20758771896362305,0.2693520188331604,0.13082090020179749,,,,,
33,8949,1.2167538404464722,0.0004927217960357666,0.18222816288471222,0.3051202893257141,0.1309056580066681,,,,,
33,8999,1.2380897998809814,0.0008458942174911499,0.18466007709503174,0.31394344568252563,0.13104094564914703,,,,,
33,9009,,,,,,3.0836029052734375,0.0011084824800491333,0.35525819659233093,1.3062031269073486,0.1310708224773407
34,9049,1.3796159029006958,0.0018260329961776733,0.2110859602689743,0.3223600387573242,0.13120819628238678,,,,,
34,9099,1.3180831670761108,0.0005290508270263672,0.19339391589164734,0.350584477186203,0.13132928311824799,,,,,
34,9149,1.354050636291504,0.001961052417755127,0.2098972201347351,0.30260351300239563,0.13143998384475708,,,,,
34,9199,1.2899538278579712,4.6133995056152344e-05,0.1981307417154312,0.29925405979156494,0.131555438041687,,,,,
34,9249,1.236242413520813,0.0007467418909072876,0.1939266324043274,0.2658625543117523,0.1317058652639389,,,,,
34,9274,,,,,,3.196882963180542,0.0006133168935775757,0.3794884979724884,1.2988266944885254,0.13177968561649323
35,9299,1.202362298965454,0.000535428524017334,0.17830127477645874,0.31032052636146545,0.13181428611278534,,,,,
35,9349,1.247089147567749,0.0006275177001953125,0.1842385232448578,0.3252689838409424,0.13192711770534515,,,,,
35,9399,1.4179911613464355,0.0022664517164230347,0.2177109718322754,0.3271699547767639,0.13208898901939392,,,,,
35,9449,1.4107471704483032,0.0012258514761924744,0.21508780121803284,0.33408230543136597,0.13221347332000732,,,,,
35,9499,1.4465055465698242,0.002050049602985382,0.23004132509231567,0.29424893856048584,0.13233798742294312,,,,,
35,9539,,,,,,3.296633720397949,0.0014511644840240479,0.3997765779495239,1.2963000535964966,0.13240084052085876
36,9549,1.172633171081543,0.0008368790149688721,0.17774450778961182,0.2830737829208374,0.13242335617542267,,,,,
36,9599,1.550241470336914,0.0005760714411735535,0.2516133189201355,0.29159873723983765,0.13255484402179718,,,,,
36,9649,1.490256667137146,0.00032289326190948486,0.23705941438674927,0.3046366572380066,0.13266092538833618,,,,,
36,9699,1.1131584644317627,0.0011611208319664001,0.16204163432121277,0.3017891049385071,0.13283933699131012,,,,,
36,9749,1.4789276123046875,0.0018713027238845825,0.2376718968153,0.2886967360973358,0.13293981552124023,,,,,
36,9799,1.3460034132003784,0.0007027685642242432,0.20861871540546417,0.3022070527076721,0.13304218649864197,,,,,
36,9804,,,,,,3.378412961959839,0.001609519007615745,0.4164501130580902,1.294551968574524,0.13305863738059998
37,9849,1.583489179611206,0.0004702135920524597,0.26486074924468994,0.25871530175209045,0.13320665061473846,,,,,
37,9899,1.3400228023529053,0.0001053735613822937,0.2138122022151947,0.2708563506603241,0.1333259642124176,,,,,
37,9949,1.4918787479400635,0.001552298665046692,0.24628226459026337,0.25891512632369995,0.13340158760547638,,,,,
37,9999,1.394665241241455,0.0017815083265304565,0.22224710881710052,0.2816482484340668,0.13349533081054688,,,,,
37,10049,1.5246143341064453,0.00024156272411346436,0.2483973354101181,0.28238624334335327,0.13363520801067352,,,,,
37,10069,,,,,,3.505437135696411,0.0005449354648590088,0.44245097041130066,1.292636513710022,0.13367970287799835
38,10099,1.743927240371704,0.0019617676734924316,0.29418444633483887,0.27104318141937256,0.1337243765592575,,,,,
38,10149,1.4782854318618774,0.0011956840753555298,0.23878973722457886,0.28314101696014404,0.13386240601539612,,,,,
38,10199,1.7859492301940918,0.00045990943908691406,0.2957775890827179,0.3066013753414154,0.13392864167690277,,,,,
38,10249,1.256777286529541,0.0021012872457504272,0.1920003890991211,0.2946740686893463,0.13403449952602386,,,,,
38,10299,1.5830137729644775,0.0005934834480285645,0.2647418975830078,0.2587108016014099,0.13417887687683105,,,,,
38,10334,,,,,,3.6143853664398193,0.00020925700664520264,0.4597529172897339,1.3154113292694092,0.13426972925662994
39,10349,1.328385591506958,0.0007667690515518188,0.2132241427898407,0.2614980638027191,0.13432911038398743,,,,,
39,10399,1.593787431716919,0.00019869953393936157,0.26406583189964294,0.2732594907283783,0.13443288207054138,,,,,
39,10449,1.7082502841949463,0.0017271637916564941,0.2847159206867218,0.28294363617897034,0.13456469774246216,,,,,
39,10499,1.849513053894043,4.404783248901367e-05,0.31524789333343506,0.2732295095920563,0.13461841642856598,,,,,
39,10549,1.6311594247817993,0.00046093761920928955,0.25584274530410767,0.35148483514785767,0.13474442064762115,,,,,
39,10599,2.3119194507598877,0.0019972920417785645,0.4141443371772766,0.2392006367444992,0.13483190536499023,,,,,
39,10599,,,,,,3.733180284500122,7.256865501403809e-05,0.4847981333732605,1.309117317199707,0.13483206927776337
40,10649,1.5680055618286133,0.00010803341865539551,0.25502392649650574,0.2927778959274292,0.13489842414855957,,,,,
40,10699,1.6512962579727173,0.00023677945137023926,0.2739063501358032,0.2815277874469757,0.13502295315265656,,,,,
40,10749,1.4390907287597656,0.001676797866821289,0.22964949905872345,0.28916651010513306,0.1351383477449417,,,,,
40,10799,1.685444712638855,0.001393839716911316,0.28118932247161865,0.27810433506965637,0.13518352806568146,,,,,
40,10849,1.9073679447174072,0.00036992132663726807,0.3238658308982849,0.2876688241958618,0.1353190690279007,,,,,
40,10864,,,,,,3.8416056632995605,0.0015214014565572143,0.5082594752311707,1.2987867593765259,0.13537338376045227
41,10899,1.681767463684082,0.000662684440612793,0.2768523693084717,0.2968429625034332,0.1354261338710785,,,,,
41,10949,1.743514060974121,0.0005564391613006592,0.29836949706077576,0.2511100172996521,0.13554777204990387,,,,,
41,10999,1.5627375841140747,0.0010112076997756958,0.2525407671928406,0.2990224361419678,0.13560253381729126,,,,,
41,11049,1.6440154314041138,0.0030827224254608154,0.2682417631149292,0.29972389340400696,0.1356661319732666,,,,,
41,11099,2.000652313232422,0.002643302083015442,0.33764562010765076,0.3097807765007019,0.13577526807785034,,,,,
41,11129,,,,,,4.026166915893555,0.0017703176708891988,0.5406185388565063,1.3213034868240356,0.1358584761619568
42,11149,1.603466510772705,0.0005183964967727661,0.2654727101325989,0.2755845785140991,0.1359120011329651,,,,,
42,11199,1.644450306892395,0.0007633939385414124,0.27038052678108215,0.29178425669670105,0.13603030145168304,,,,,
42,11249,2.010998487472534,9.642541408538818e-05,0.3487626910209656,0.2670886814594269,0.13606610894203186,,,,,
42,11299,1.7273972034454346,0.0007357746362686157,0.283547967672348,0.30892160534858704,0.1362190991640091,,,,,
42,11349,1.9769710302352905,0.0016453266143798828,0.33548834919929504,0.2978839576244354,0.1363183557987213,,,,,
42,11394,,,,,,4.113006114959717,0.0005893707275390625,0.5581002235412598,1.3219150304794312,0.1363719403743744
43,11399,1.8123209476470947,0.0003886967897415161,0.3059239983558655,0.2823122441768646,0.13636831939220428,,,,,
43,11449,1.801079511642456,0.0015368536114692688,0.298690527677536,0.3060900568962097,0.13647766411304474,,,,,
43,11499,2.0029869079589844,0.0011603012681007385,0.34917500615119934,0.255951464176178,0.13653020560741425,,,,,
43,11549,1.7057597637176514,0.00046674907207489014,0.2915748953819275,0.24741849303245544,0.13661932945251465,,,,,
43,11599,1.588039755821228,0.0008263587951660156,0.2570408582687378,0.30200907588005066,0.1367090344429016,,,,,
43,11649,2.049773693084717,0.00031529366970062256,0.3498361110687256,0.30027806758880615,0.13680046796798706,,,,,
43,11659,,,,,,4.251604080200195,0.0002824366092681885,0.5882235169410706,1.3102023601531982,0.1368204653263092
44,11699,2.019906997680664,0.001023411750793457,0.34749653935432434,0.2814008295536041,0.13687507808208466,,,,,
44,11749,1.9800512790679932,3.641843795776367e-05,0.3402639925479889,0.2786949872970581,0.13695409893989563,,,,,
44,11799,2.2172586917877197,0.0003856569528579712,0.3907221853733063,0.26326197385787964,0.13701438903808594,,,,,
44,11849,1.9734370708465576,0.0007319897413253784,0.3415399193763733,0.26500552892684937,0.13711248338222504,,,,,
44,11899,1.6339255571365356,0.0007973387837409973,0.2751930058002472,0.2571631073951721,0.13721154630184174,,,,,
44,11924,,,,,,4.407316207885742,0.0005254000425338745,0.6194555759429932,1.3095141649246216,0.13724929094314575
45,11949,1.8259246349334717,0.0012314766645431519,0.3136015236377716,0.25668567419052124,0.13724194467067719,,,,,
45,11999,2.5011038780212402,0.0005942732095718384,0.44784021377563477,0.2613084614276886,0.13732336461544037,,,,,
45,12049,1.8239349126815796,0.0004218444228172302,0.3144073188304901,0.25147634744644165,0.13737687468528748,,,,,
45,12099,2.4151699542999268,0.0006994754076004028,0.4344938099384308,0.24200130999088287,0.13749058544635773,,,,,
45,12149,2.0708553791046143,0.0011057406663894653,0.3578779995441437,0.2803597152233124,0.13755302131175995,,,,,
45,12189,,,,,,4.600597381591797,0.0005962103605270386,0.6541964411735535,1.3290208578109741,0.1376381665468216
46,12199,2.2791638374328613,0.00012145936489105225,0.4056217670440674,0.2509337067604065,0.13764949142932892,,,,,
46,12249,2.2625985145568848,0.0007714778184890747,0.40363186597824097,0.24366754293441772,0.13772235810756683,,,,,
46,12299,2.088289737701416,2.5220215320587158e-05,0.3577720522880554,0.2994040548801422,0.13781534135341644,,,,,
46,12349,2.063812494277954,0.0012209489941596985,0.36118823289871216,0.25665050745010376,0.13787537813186646,,,,,
46,12399,2.1629693508148193,0.001018822193145752,0.37714001536369324,0.27625060081481934,0.13794788718223572,,,,,
46,12449,2.4819326400756836,0.001191258430480957,0.44290387630462646,0.2662217915058136,0.13802248239517212,,,,,
46,12454,,,,,,4.735618591308594,0.0004155040078330785,0.6829306483268738,1.3205491304397583,0.13803569972515106
47,12499,2.3511533737182617,0.001408219337463379,0.4170238971710205,0.2646258771419525,0.13811182975769043,,,,,
47,12549,2.0570201873779297,0.0016789138317108154,0.35780662298202515,0.26630809903144836,0.13820824027061462,,,,,
47,12599,2.2833974361419678,0.0015038326382637024,0.40264666080474854,0.268660306930542,0.138271763920784,,,,,
47,12649,2.364168643951416,0.0005560740828514099,0.4148387014865875,0.2894190549850464,0.13832606375217438,,,,,
47,12699,2.2247889041900635,4.6879053115844727e-05,0.38579097390174866,0.2957870364189148,0.13836920261383057,,,,,
47,12719,,,,,,4.914035320281982,0.0009963512420654297,0.7178575992584229,1.3237518072128296,0.1384093165397644
48,12749,2.2775206565856934,0.0010272040963172913,0.3992879092693329,0.2800540328025818,0.13845618069171906,,,,,
48,12799,2.2135732173919678,0.00038016587495803833,0.3861318528652191,0.2825337052345276,0.1385178118944168,,,,,
48,12849,2.492826461791992,0.001291900873184204,0.4483054578304291,0.2500072121620178,0.1385829746723175,,,,,
48,12899,2.188256025314331,0.0012299716472625732,0.3834255337715149,0.2698984742164612,0.13869783282279968,,,,,
48,12949,1.9553331136703491,0.0009116232395172119,0.33640503883361816,0.2723963260650635,0.13874778151512146,,,,,
48,12984,,,,,,5.014040946960449,0.0005906224250793457,0.7374460697174072,1.3262195587158203,0.13879799842834473
49,12999,2.2808761596679688,0.0013226717710494995,0.4086149334907532,0.2364788055419922,0.13882409036159515,,,,,
49,13049,1.9358799457550049,0.00025913864374160767,0.3365449905395508,0.2528958022594452,0.13888239860534668,,,,,
49,13099,2.647738218307495,0.0007470175623893738,0.4730292856693268,0.28184497356414795,0.13893185555934906,,,,,
49,13149,2.567983865737915,0.0010233521461486816,0.46379125118255615,0.24800428748130798,0.13899554312229156,,,,,
49,13199,2.966207504272461,0.00034645944833755493,0.5325345396995544,0.30318838357925415,0.13908828794956207,,,,,
49,13249,3.9426918029785156,0.0005866140127182007,0.721723735332489,0.3334864675998688,0.13916367292404175,,,,,
49,13249,,,,,,5.1721601486206055,0.00018438698316458613,0.7671710848808289,1.3361202478408813,0.1391611248254776
50,13299,2.9457197189331055,0.0006517618894577026,0.5364676713943481,0.262729674577713,0.13921219110488892,,,,,
50,13349,2.3537256717681885,0.002048000693321228,0.4140097498893738,0.2816287577152252,0.1392902135848999,,,,,
50,13399,2.356297254562378,0.0019352585077285767,0.4172774851322174,0.2679746448993683,0.13935796916484833,,,,,
50,13449,2.368668556213379,0.0016977190971374512,0.4172493815422058,0.28072381019592285,0.13941040635108948,,,,,
50,13499,2.8264033794403076,0.0010697394609451294,0.5132024884223938,0.2593212127685547,0.1394752860069275,,,,,
50,13514,,,,,,5.348998069763184,0.0014691352844238281,0.801902174949646,1.338018536567688,0.13947421312332153
51,13549,2.5802974700927734,0.000997975468635559,0.46458700299263,0.25636422634124756,0.13953512907028198,,,,,
51,13599,2.1055188179016113,5.227327346801758e-05,0.369897723197937,0.255977988243103,0.13960717618465424,,,,,
51,13649,2.5891191959381104,0.0005282387137413025,0.4624670147895813,0.2762558162212372,0.13965263962745667,,,,,
51,13699,2.3035881519317627,0.001134440302848816,0.4016258716583252,0.29432445764541626,0.13972045481204987,,,,,
51,13749,3.2336502075195312,0.0009513869881629944,0.5925331115722656,0.27003341913223267,0.13978102803230286,,,,,
51,13779,,,,,,5.444580554962158,0.0003897324204444885,0.8230637907981873,1.3288698196411133,0.13980604708194733
52,13799,2.691098690032959,0.0003361254930496216,0.49335452914237976,0.22398996353149414,0.13982518017292023,,,,,
52,13849,2.9854917526245117,0.0007461532950401306,0.5491013526916504,0.23923881351947784,0.13986775279045105,,,,,
52,13899,3.131955623626709,0.0009255111217498779,0.570512056350708,0.27846986055374146,0.13994883000850677,,,,,
52,13949,2.975146770477295,0.0006348639726638794,0.5409225225448608,0.26989904046058655,0.14000995457172394,,,,,
52,13999,2.2929656505584717,0.0013921335339546204,0.403215229511261,0.2754973769187927,0.14010995626449585,,,,,
52,14044,,,,,,5.524892330169678,0.00012370944023132324,0.840174674987793,1.3238952159881592,0.14014531672000885
53,14049,2.6387898921966553,6.154179573059082e-05,0.4771936237812042,0.25276026129722595,0.14014941453933716,,,,,
53,14099,3.327486991882324,0.001483030617237091,0.6164252758026123,0.2438775897026062,0.14023642241954803,,,,,
53,14149,2.156813383102417,0.001241333782672882,0.37862974405288696,0.2624233365058899,0.14027076959609985,,,,,
53,14199,2.473395347595215,0.0005968809127807617,0.4444029629230499,0.2507835626602173,0.14033125340938568,,,,,
53,14249,2.5477123260498047,8.586794137954712e-05,0.4542577862739563,0.27633753418922424,0.14041085541248322,,,,,
53,14299,2.8764607906341553,0.00118352472782135,0.5165449380874634,0.292552649974823,0.14044445753097534,,,,,
53,14309,,,,,,5.673033714294434,0.00022261589765548706,0.8682180643081665,1.3317230939865112,0.14044539630413055
54,14349,2.6524317264556885,0.000569075345993042,0.4812068045139313,0.24582870304584503,0.14048703014850616,,,,,
54,14399,3.2594313621520996,0.0003832802176475525,0.5984488725662231,0.2668038308620453,0.14057710766792297,,,,,
54,14449,2.7512619495391846,0.0018144398927688599,0.4918750524520874,0.2900722324848175,0.14063550531864166,,,,,
54,14499,2.333500862121582,0.0005193054676055908,0.4181690216064453,0.24213646352291107,0.1406884789466858,,,,,
54,14549,1.9686812162399292,0.00042626261711120605,0.3445817828178406,0.24534597992897034,0.14071446657180786,,,,,
54,14574,,,,,,5.838937282562256,0.0008302479982376099,0.902030885219574,1.327951192855835,0.14075730741024017
55,14599,2.4556708335876465,9.581446647644043e-05,0.4382481575012207,0.2643342614173889,0.1407841593027115,,,,,
55,14649,2.3509151935577393,0.0009410902857780457,0.4094347655773163,0.3028002977371216,0.14083696901798248,,,,,
55,14699,2.8036510944366455,0.000827103853225708,0.5125335454940796,0.24015626311302185,0.14089371263980865,,,,,
55,14749,3.2768266201019287,5.560368299484253e-05,0.6062047481536865,0.24574722349643707,0.14094536006450653,,,,,
55,14799,2.249401330947876,0.0012074336409568787,0.39924541115760803,0.25196701288223267,0.14098519086837769,,,,,
55,14839,,,,,,5.95308780670166,0.0009669512510299683,0.9209145903587341,1.3475477695465088,0.14103442430496216
56,14849,2.353516101837158,0.0011901557445526123,0.41568198800086975,0.2739160358905792,0.14104777574539185,,,,,
56,14899,2.232517957687378,0.00019244104623794556,0.3937731385231018,0.26345986127853394,0.1411084532737732,,,,,
56,14949,2.7287654876708984,1.946091651916504e-05,0.49185845255851746,0.26945382356643677,0.14116482436656952,,,,,
56,14999,3.194505214691162,0.00036340951919555664,0.5911538004875183,0.23837275803089142,0.14120790362358093,,,,,
56,15049,2.693361520767212,0.00041847676038742065,0.49553337693214417,0.21527622640132904,0.1412876695394516,,,,,
56,15099,2.7715542316436768,0.001825958490371704,0.5036516785621643,0.2514699399471283,0.14133542776107788,,,,,
56,15104,,,,,,5.9948811531066895,0.002350747585296631,0.9305425882339478,1.3398174047470093,0.1413421481847763
57,15149,2.732736825942993,0.000982046127319336,0.4978516399860382,0.24249644577503204,0.14140641689300537,,,,,
57,15199,3.0535898208618164,0.0004152432084083557,0.5547599792480469,0.27937471866607666,0.14146476984024048,,,,,
57,15249,2.147145986557007,3.1322240829467773e-05,0.3785083591938019,0.2545730173587799,0.1415107101202011,,,,,
57,15299,2.6619434356689453,0.00029724836349487305,0.4795677959918976,0.263807088136673,0.1415344923734665,,,,,
57,15349,2.426110029220581,0.0006223171949386597,0.43085357546806335,0.271219938993454,0.14158323407173157,,,,,
57,15369,,,,,,6.089011192321777,0.0006830021739006042,0.9500411748886108,1.3381229639053345,0.14161211252212524
58,15399,3.1117281913757324,0.00026413798332214355,0.5735665559768677,0.24363136291503906,0.1416449397802353,,,,,
58,15449,2.150757074356079,0.00016086548566818237,0.3787752091884613,0.25672003626823425,0.1416741907596588,,,,,
58,15499,3.219816207885742,0.0003475695848464966,0.5944531559944153,0.24720299243927002,0.14171162247657776,,,,,
58,15549,2.7685816287994385,0.0005017071962356567,0.5031068325042725,0.2525457739830017,0.14178097248077393,,,,,
58,15599,2.9476637840270996,0.0007037445902824402,0.5372345447540283,0.2607872784137726,0.1418159306049347,,,,,
58,15634,,,,,,6.19802713394165,2.4244189262390137e-05,0.9741026759147644,1.327488899230957,0.141874298453331
59,15649,3.160048007965088,0.00038532912731170654,0.5812281370162964,0.2535218298435211,0.14188256859779358,,,,,
59,15699,2.455970287322998,0.0009111613035202026,0.43820127844810486,0.2640526294708252,0.1419200897216797,,,,,
59,15749,3.710679292678833,0.0006497427821159363,0.6820271611213684,0.29989391565322876,0.14194953441619873,,,,,
59,15799,2.885223388671875,0.0010682344436645508,0.5281376838684082,0.24346688389778137,0.14204047620296478,,,,,
59,15849,3.311232328414917,0.0006170570850372314,0.6069474816322327,0.275877982378006,0.14208747446537018,,,,,
59,15899,0.884944498538971,0.0006129592657089233,0.13508695363998413,0.20889677107334137,0.14213719964027405,,,,,
59,15899,,,,,,6.253434181213379,9.743870032252744e-05,0.9834579825401306,1.3360451459884644,0.1421414166688919
60,15949,3.419544219970703,0.0008145645260810852,0.6331668496131897,0.2528952956199646,0.14215418696403503,,,,,
60,15999,2.21401309967041,0.0001722574234008789,0.39995163679122925,0.21408262848854065,0.14219854772090912,,,,,
60,16049,3.480764150619507,0.0007424801588058472,0.6412018537521362,0.27401241660118103,0.1422659158706665,,,,,
60,16099,2.5143625736236572,0.0006516426801681519,0.44740942120552063,0.27666378021240234,0.14235533773899078,,,,,
60,16149,3.01454496383667,0.000733301043510437,0.5528382658958435,0.24962016940116882,0.1423599123954773,,,,,
60,16164,,,,,,6.283777713775635,0.0008270740509033203,0.9914534091949463,1.3256837129592896,0.1423673778772354
61,16199,2.401632070541382,0.0002317279577255249,0.43034589290618896,0.24967066943645477,0.14239801466464996,,,,,
61,16249,3.432527542114258,0.000911325216293335,0.6342060565948486,0.2605860233306885,0.14242751896381378,,,,,
61,16299,4.118253707885742,0.0005905479192733765,0.774054765701294,0.2473897784948349,0.1424546092748642,,,,,
61,16349,2.7051124572753906,1.4431774616241455e-05,0.4945554733276367,0.23232059180736542,0.14253583550453186,,,,,
61,16399,2.846611261367798,0.0013674050569534302,0.5172671675682068,0.25890815258026123,0.14255642890930176,,,,,
61,16429,,,,,,6.363924503326416,0.0005408972501754761,1.007782220840454,1.3244733810424805,0.14258386194705963
62,16449,3.5677900314331055,0.00039670616388320923,0.6609055995941162,0.2628653049468994,0.14259935915470123,,,,,
62,16499,2.7337913513183594,0.0004001706838607788,0.49795305728912354,0.24362605810165405,0.14263732731342316,,,,,
62,16549,2.735630989074707,0.0007804930210113525,0.49239033460617065,0.27289873361587524,0.1426730901002884,,,,,
62,16599,3.374429941177368,0.0006892085075378418,0.6149584650993347,0.2989481985569,0.14271487295627594,,,,,
62,16649,3.2607686519622803,0.000951126217842102,0.5979650616645813,0.26999229192733765,0.14277523756027222,,,,,
62,16694,,,,,,6.481008052825928,0.00025551021099090576,1.0289275646209717,1.336113452911377,0.14282064139842987
63,16699,3.7418107986450195,0.0002429485321044922,0.6927358508110046,0.27788856625556946,0.14283406734466553,,,,,
63,16749,2.957973003387451,0.0008520931005477905,0.5423093438148499,0.2455742061138153,0.14285050332546234,,,,,
63,16799,3.167222738265991,0.00011739134788513184,0.5809987187385559,0.2621118724346161,0.14288121461868286,,,,,
63,16849,3.4248220920562744,0.00039725005626678467,0.6304199695587158,0.2723250985145569,0.14292094111442566,,,,,
63,16899,3.315882444381714,0.0012096315622329712,0.6109975576400757,0.25968489050865173,0.14296117424964905,,,,,
63,16949,3.5109429359436035,0.0004490390419960022,0.651516854763031,0.2529096305370331,0.14298108220100403,,,,,
63,16959,,,,,,6.552154541015625,0.00027933716773986816,1.043543815612793,1.334155797958374,0.14300133287906647
64,16999,2.4424052238464355,0.0001862943172454834,0.44265440106391907,0.2289470136165619,0.1430378556251526,,,,,
64,17049,2.3094210624694824,0.00013460218906402588,0.40948760509490967,0.2618483006954193,0.14304502308368683,,,,,
64,17099,3.843428373336792,0.0006759315729141235,0.7171051502227783,0.25722676515579224,0.14310967922210693,,,,,
64,17149,3.4202370643615723,0.0008295625448226929,0.6355403065681458,0.24170613288879395,0.14314138889312744,,,,,
64,17199,4.366539478302002,0.00035594403743743896,0.8264049291610718,0.23415876924991608,0.1431998610496521,,,,,
64,17224,,,,,,6.587630271911621,0.0002219751477241516,1.050482153892517,1.3349958658218384,0.14323806762695312
65,17249,3.728330135345459,0.0005054771900177002,0.6972945332527161,0.24135208129882812,0.1432592272758484,,,,,
65,17299,3.313927412033081,0.0003492981195449829,0.6095738410949707,0.26570895314216614,0.14329297840595245,,,,,
65,17349,2.913787841796875,0.00024338066577911377,0.529071033000946,0.2681892216205597,0.14334431290626526,,,,,
65,17399,3.969956874847412,0.000863194465637207,0.7393755316734314,0.27221593260765076,0.14340338110923767,,,,,
65,17449,3.4270243644714355,0.0002388209104537964,0.6389967799186707,0.23180140554904938,0.1434069573879242,,,,,
65,17489,,,,,,6.636249542236328,0.0006180852651596069,1.0594338178634644,1.3384618759155273,0.14342211186885834
66,17499,2.8528711795806885,0.0007883608341217041,0.5147591829299927,0.27828705310821533,0.14343778789043427,,,,,
66,17549,2.774055242538452,0.0002954155206680298,0.5047447681427002,0.25003600120544434,0.14346705377101898,,,,,
66,17599,3.5974557399749756,0.0003272444009780884,0.6718080043792725,0.23808826506137848,0.1434914618730545,,,,,
66,17649,3.801048994064331,0.00020176172256469727,0.7091794013977051,0.25495025515556335,0.1435551643371582,,,,,
66,17699,3.217310667037964,0.00019377470016479492,0.5896931886672974,0.2686508893966675,0.143576517701149,,,,,
66,17749,3.265791416168213,0.0012830495834350586,0.6024149060249329,0.2524336576461792,0.1436004936695099,,,,,
66,17754,,,,,,6.681074619293213,0.0018449276685714722,1.0688070058822632,1.3351922035217285,0.1436053067445755
67,17799,3.7516987323760986,0.0005849003791809082,0.7053402066230774,0.22441282868385315,0.14361685514450073,,,,,
67,17849,3.2795612812042236,6.373226642608643e-05,0.6083799004554749,0.23759828507900238,0.14366169273853302,,,,,
67,17899,3.9507827758789062,3.314018249511719e-05,0.7352484464645386,0.27450722455978394,0.14368557929992676,,,,,
67,17949,2.9625651836395264,0.0006523951888084412,0.5434001684188843,0.24491190910339355,0.14371977746486664,,,,,
67,17999,3.021066427230835,0.0003920942544937134,0.5514622330665588,0.2633630633354187,0.14376011490821838,,,,,
67,18019,,,,,,6.735393524169922,2.584606409072876e-05,1.0790128707885742,1.3403040170669556,0.1437671184539795
68,18049,3.357320785522461,0.0011461973190307617,0.6192116737365723,0.26011618971824646,0.14379757642745972,,,,,
68,18099,3.214618444442749,0.0004694610834121704,0.5901941061019897,0.26317840814590454,0.14383266866207123,,,,,
68,18149,2.877519369125366,0.0001179128885269165,0.5205946564674377,0.2744280695915222,0.14386789500713348,,,,,
68,18199,2.7830920219421387,0.00029496848583221436,0.5069506764411926,0.24804379045963287,0.14389292895793915,,,,,
68,18249,2.978178024291992,0.0005315318703651428,0.5443363189697266,0.25596508383750916,0.14392589032649994,,,,,
68,18284,,,,,,6.764565467834473,0.00041797757148742676,1.0866299867630005,1.330995798110962,0.14395976066589355
69,18299,3.8976168632507324,0.0004708319902420044,0.7296323180198669,0.24898429214954376,0.14396882057189941,,,,,
69,18349,3.571636199951172,0.0001976490020751953,0.6688908338546753,0.22698427736759186,0.14401653409004211,,,,,
69,18399,3.55043625831604,0.00034353137016296387,0.6577853560447693,0.2611657679080963,0.1440230756998062,,,,,
69,18449,2.6296274662017822,0.0004546046257019043,0.4746830463409424,0.25575757026672363,0.14404776692390442,,,,,
69,18499,2.706017255783081,0.00017945468425750732,0.49463173747062683,0.23267923295497894,0.14409618079662323,,,,,
69,18549,1.2039544582366943,2.0563602447509766e-05,0.18325762450695038,0.28764569759368896,0.1441020667552948,,,,,
69,18549,,,,,,6.832571983337402,0.0009750574827194214,1.0984712839126587,1.3392390012741089,0.14410144090652466
70,18599,3.241685390472412,0.0014166980981826782,0.6014655232429504,0.2329411804676056,0.14412617683410645,,,,,
70,18649,3.1327388286590576,0.0004534423351287842,0.5714492201805115,0.2750392556190491,0.14419342577457428,,,,,
70,18699,3.1173691749572754,0.00058765709400177,0.5734949707984924,0.24930667877197266,0.1442110538482666,,,,,
70,18749,3.970151424407959,0.0006589889526367188,0.7383520007133484,0.27773234248161316,0.14422829449176788,,,,,
70,18799,3.274937629699707,3.4362077713012695e-05,0.6022393703460693,0.26370635628700256,0.1442674696445465,,,,,
70,18814,,,,,,6.873569488525391,0.0003668591089081019,1.1079679727554321,1.3333637714385986,0.1442667841911316
71,18849,2.0576465129852295,5.10290265083313e-05,0.3591528534889221,0.26183122396469116,0.14427557587623596,,,,,
71,18899,3.512605905532837,6.20037317276001e-05,0.655616044998169,0.23446369171142578,0.1443185657262802,,,,,
71,18949,3.678424119949341,0.000243455171585083,0.6815470457077026,0.2704453766345978,0.1443435102701187,,,,,
71,18999,4.167980670928955,0.00012912601232528687,0.7886385321617126,0.22465865314006805,0.1443779468536377,,,,,
71,19049,2.8948493003845215,8.095055818557739e-05,0.524873673915863,0.27039968967437744,0.14439640939235687,,,,,
71,19079,,,,,,6.946875095367432,0.0007660239934921265,1.121610164642334,1.3380593061447144,0.14440418779850006
72,19099,3.423253059387207,0.0006105601787567139,0.6377178430557251,0.23405346274375916,0.14441625773906708,,,,,
72,19149,3.1772751808166504,0.0001765415072441101,0.5873328447341919,0.24043473601341248,0.14443808794021606,,,,,
72,19199,2.088752031326294,0.0004836618900299072,0.36151155829429626,0.2807103991508484,0.14446943998336792,,,,,
72,19249,2.9146041870117188,9.94950532913208e-05,0.5385349988937378,0.22182954847812653,0.1445012241601944,,,,,
72,19299,3.038947582244873,6.45667314529419e-05,0.5572871565818787,0.25244712829589844,0.14451204240322113,,,,,
72,19344,,,,,,6.997586727142334,8.37966799736023e-05,1.132716417312622,1.3339234590530396,0.144542396068573
73,19349,4.0318427085876465,0.000349290668964386,0.7506281137466431,0.27835288643836975,0.14454717934131622,,,,,
73,19399,2.9371907711029053,0.0004680454730987549,0.5364199280738831,0.25462305545806885,0.14456307888031006,,,,,
73,19449,4.078542709350586,0.0005265623331069946,0.7636043429374695,0.2599945664405823,0.14459054172039032,,,,,
73,19499,3.8261568546295166,0.00047456473112106323,0.7184436917304993,0.23346392810344696,0.14462700486183167,,,,,
73,19549,3.794728994369507,0.0001846998929977417,0.7095701098442078,0.2466936558485031,0.14466160535812378,,,,,
73,19599,4.246726036071777,0.0009036734700202942,0.8004001379013062,0.2438214272260666,0.14467692375183105,,,,,
73,19609,,,,,,7.052849292755127,0.00011524558067321777,1.1447302103042603,1.3290824890136719,0.1446836143732071
74,19649,3.902050018310547,0.0002799034118652344,0.7296362519264221,0.2535889446735382,0.1447051465511322,,,,,
74,19699,4.01918363571167,0.0010505467653274536,0.7572448253631592,0.23190903663635254,0.1447286456823349,,,,,
74,19749,3.806410074234009,0.001009225845336914,0.7168170213699341,0.22131580114364624,0.14473050832748413,,,,,
74,19799,3.211052894592285,0.00036419928073883057,0.59356290102005,0.24287410080432892,0.1447749137878418,,,,,
74,19849,3.4946951866149902,0.00046674907207489014,0.6515685319900513,0.23638580739498138,0.14478905498981476,,,,,
74,19874,,,,,,7.115246295928955,9.009242057800293e-05,1.1567102670669556,1.3316084146499634,0.14482219517230988
75,19899,3.682319402694702,0.00039977580308914185,0.6933422684669495,0.21520817279815674,0.14483192563056946,,,,,
75,19949,3.1496403217315674,0.00037075579166412354,0.5767796635627747,0.2653714120388031,0.1448478400707245,,,,,
75,19999,3.8897106647491455,0.0003887936472892761,0.7301243543624878,0.23869982361793518,0.14486926794052124,,,,,
75,20049,3.7043704986572266,0.00013872236013412476,0.6898750066757202,0.2548566460609436,0.14489001035690308,,,,,
75,20099,3.3346433639526367,0.0011351779103279114,0.619696855545044,0.23502391576766968,0.14491622149944305,,,,,
75,20139,,,,,,7.177815914154053,0.00034643709659576416,1.1683447360992432,1.335745096206665,0.14492584764957428
76,20149,3.309427499771118,9.785592555999756e-05,0.614709734916687,0.23578085005283356,0.14493051171302795,,,,,
76,20199,3.5204005241394043,1.0035932064056396e-05,0.6577508449554443,0.23163628578186035,0.14496128261089325,,,,,
76,20249,3.198213577270508,0.00026957690715789795,0.593980610370636,0.22804082930088043,0.14496488869190216,,,,,
76,20299,4.2762980461120605,0.0001782625913619995,0.8027041554450989,0.2625989317893982,0.14497923851013184,,,,,
76,20349,3.743208169937134,0.00020520389080047607,0.6984700560569763,0.250652551651001,0.14500387012958527,,,,,
76,20399,4.043622016906738,0.0003360658884048462,0.7546743154525757,0.26991426944732666,0.1450304090976715,,,,,
76,20404,,,,,,7.230045318603516,1.2472271919250488e-05,1.1791069507598877,1.334497332572937,0.14502903819084167
77,20449,4.237522602081299,0.00038055330514907837,0.8005814552307129,0.23423467576503754,0.14504440128803253,,,,,
77,20499,2.9376537799835205,0.0005868971347808838,0.5403977036476135,0.23507823050022125,0.14506816864013672,,,,,
77,20549,3.3672869205474854,0.0005194619297981262,0.6234980225563049,0.2492772489786148,0.14508530497550964,,,,,
77,20599,3.1522910594940186,0.0002466738224029541,0.5807623267173767,0.2482326477766037,0.14511394500732422,,,,,
77,20649,3.289332866668701,0.0003165900707244873,0.6109890937805176,0.23407086730003357,0.1451416164636612,,,,,
77,20669,,,,,,7.275119304656982,1.8596649169921875e-05,1.1872777938842773,1.3387128114700317,0.14514358341693878
78,20699,3.2638533115386963,0.0010407119989395142,0.6065022945404053,0.23030123114585876,0.14516136050224304,,,,,
78,20749,3.1974778175354004,0.0006737411022186279,0.5881454944610596,0.2560766339302063,0.1451771855354309,,,,,
78,20799,3.1782922744750977,5.9723854064941406e-05,0.5835980772972107,0.26024213433265686,0.1451966017484665,,,,,
78,20849,3.7079458236694336,1.2889504432678223e-05,0.6899383664131165,0.25824108719825745,0.14522837102413177,,,,,
78,20899,3.770327091217041,0.0005369782447814941,0.7037792205810547,0.2508940100669861,0.14524579048156738,,,,,
78,20934,,,,,,7.31195592880249,0.00030308961868286133,1.1975233554840088,1.3240360021591187,0.14525026082992554
79,20949,2.8444199562072754,2.3268163204193115e-05,0.514259397983551,0.2730996012687683,0.1452457457780838,,,,,
79,20999,3.784998655319214,0.0005289912223815918,0.7078682780265808,0.24512805044651031,0.1452743113040924,,,,,
79,21049,3.2030129432678223,4.824995994567871e-05,0.5952014327049255,0.2269575595855713,0.14528942108154297,,,,,
79,21099,4.078104019165039,0.0002311915159225464,0.7715701460838318,0.22002200782299042,0.14529120922088623,,,,,
79,21149,4.508110523223877,0.00023490190505981445,0.8475081920623779,0.2703342139720917,0.14531511068344116,,,,,
79,21199,2.326662540435791,0.00011949986219406128,0.4002588987350464,0.32524850964546204,0.14533768594264984,,,,,
79,21199,,,,,,7.376276969909668,0.00044592469930648804,1.209963083267212,1.3260176181793213,0.145338773727417
80,21249,2.9564096927642822,8.071959018707275e-05,0.5358380079269409,0.27713876962661743,0.14537307620048523,,,,,
80,21299,3.0731022357940674,0.00019565224647521973,0.5653146505355835,0.24633324146270752,0.1453913450241089,,,,,
80,21349,3.6679041385650635,0.000541001558303833,0.6871074438095093,0.2318258136510849,0.14539720118045807,,,,,
80,21399,3.815471649169922,0.00015751272439956665,0.7097514271736145,0.26655688881874084,0.14542052149772644,,,,,
80,21449,4.434738636016846,8.195638656616211e-06,0.8426717519760132,0.2213716059923172,0.1454349309206009,,,,,
80,21464,,,,,,7.42149543762207,0.00032119452953338623,1.216722846031189,1.3375600576400757,0.14543847739696503
81,21499,2.589475631713867,0.000510677695274353,0.4705936908721924,0.2359965443611145,0.1454518437385559,,,,,
81,21549,3.1377346515655518,0.00017990171909332275,0.5821961164474487,0.22657398879528046,0.1454850137233734,,,,,
81,21599,2.6431007385253906,0.0002093985676765442,0.477738618850708,0.25419822335243225,0.14549855887889862,,,,,
81,21649,3.313084363937378,8.279085159301758e-05,0.6126689314842224,0.2496568113565445,0.14550504088401794,,,,,
81,21699,3.742912530899048,5.9351325035095215e-05,0.7040755748748779,0.2224753499031067,0.14552384614944458,,,,,
81,21729,,,,,,7.468156814575195,0.00024602562189102173,1.2262274026870728,1.3367748260498047,0.145533487200737
82,21749,3.7180752754211426,0.00018224120140075684,0.6967185139656067,0.23430052399635315,0.1455424278974533,,,,,
82,21799,2.487370491027832,0.00011527538299560547,0.44601085782051086,0.2572007179260254,0.14555931091308594,,,,,
82,21849,3.4895846843719482,0.00047679245471954346,0.6488725543022156,0.2447449117898941,0.14558200538158417,,,,,
82,21899,3.2475428581237793,8.912384510040283e-05,0.6000112295150757,0.24739733338356018,0.14558842778205872,,,,,
82,21949,3.013697862625122,0.00033139437437057495,0.5525187849998474,0.2507723867893219,0.1456068754196167,,,,,
82,21994,,,,,,7.499850749969482,0.00023311376571655273,1.2321393489837646,1.3389204740524292,0.1456133872270584
83,21999,3.732445478439331,0.0002740398049354553,0.6956192851066589,0.25407516956329346,0.14561551809310913,,,,,
83,22049,3.869232177734375,5.8457255363464355e-05,0.7247883081436157,0.24523240327835083,0.1456342339515686,,,,,
83,22099,3.1680338382720947,0.00033226609230041504,0.5839970707893372,0.24771623313426971,0.14563927054405212,,,,,
83,22149,3.091442584991455,0.0003012120723724365,0.5681502223014832,0.2503903806209564,0.14566510915756226,,,,,
83,22199,2.988257646560669,0.000666394829750061,0.5503648519515991,0.2357669621706009,0.14568570256233215,,,,,
83,22249,3.3408491611480713,0.00015909969806671143,0.6160533428192139,0.2604233920574188,0.1457001119852066,,,,,
83,22259,,,,,,7.569340705871582,0.00010834635031642392,1.2465239763259888,1.336614727973938,0.14570236206054688
84,22299,3.785707712173462,0.00015035271644592285,0.710939347743988,0.23086044192314148,0.1457129269838333,,,,,
84,22349,3.8252694606781006,0.0003023594617843628,0.7147762179374695,0.25108590722084045,0.145716592669487,,,,,
84,22399,3.6392037868499756,0.0004151463508605957,0.680307149887085,0.2372528463602066,0.14573553204536438,,,,,
84,22449,3.7805566787719727,0.0001788884401321411,0.7042932510375977,0.2589115798473358,0.14575402438640594,,,,,
84,22499,2.5263872146606445,0.0007182732224464417,0.4554363489151001,0.24848729372024536,0.14576780796051025,,,,,
84,22524,,,,,,7.610584735870361,0.00044080615043640137,1.2538046836853027,1.3411213159561157,0.14577102661132812
85,22549,3.766592502593994,0.00019688904285430908,0.7057040333747864,0.23787544667720795,0.14577336609363556,,,,,
85,22599,3.120262622833252,0.00010193884372711182,0.5764093995094299,0.23811368644237518,0.14579780399799347,,,,,
85,22649,4.435763835906982,0.00024068355560302734,0.8443354964256287,0.21384572982788086,0.14580214023590088,,,,,
85,22699,3.971954345703125,2.7924776077270508e-05,0.7460071444511414,0.2418907731771469,0.14581571519374847,,,,,
85,22749,4.747363567352295,0.00029511749744415283,0.8961093425750732,0.26652127504348755,0.14582861959934235,,,,,
85,22789,,,,,,7.6415205001831055,7.833540439605713e-05,1.262573480606079,1.3285762071609497,0.14584754407405853
86,22799,3.358208417892456,0.00012980401515960693,0.6258594989776611,0.22878125309944153,0.14584724605083466,,,,,
86,22849,4.296411514282227,0.00013379007577896118,0.8083625435829163,0.254464715719223,0.14585919678211212,,,,,
86,22899,4.669173717498779,0.0002185329794883728,0.8900706768035889,0.21860148012638092,0.1458853930234909,,,,,
86,22949,3.715790033340454,0.0005114525556564331,0.695252537727356,0.23901604115962982,0.14588753879070282,,,,,
86,22999,3.051095485687256,0.00044792890548706055,0.5610771179199219,0.245262011885643,0.14589795470237732,,,,,
86,23049,3.6501305103302,0.0003745034337043762,0.6790624856948853,0.25444361567497253,0.1459079384803772,,,,,
86,23054,,,,,,7.7068328857421875,0.0006463974714279175,1.274641513824463,1.3329781293869019,0.14591027796268463
87,23099,2.9888880252838135,5.0380825996398926e-05,0.5460647940635681,0.2585137188434601,0.14592693746089935,,,,,
87,23149,4.406643867492676,0.0001533403992652893,0.8300065398216248,0.25645774602890015,0.1459474414587021,,,,,
87,23199,3.5026888847351074,6.660819053649902e-05,0.6539490222930908,0.23287732899188995,0.14594565331935883,,,,,
87,23249,3.946775197982788,0.00019226223230361938,0.7461639046669006,0.2157636433839798,0.1459633857011795,,,,,
87,23299,3.951611042022705,2.3245811462402344e-05,0.7455325722694397,0.22392518818378448,0.14597193896770477,,,,,
87,23319,,,,,,7.756880283355713,7.537007331848145e-05,1.2840858697891235,1.3363769054412842,0.1459805816411972
88,23349,3.8063135147094727,8.301436901092529e-05,0.717849850654602,0.21698153018951416,0.14599093794822693,,,,,
88,23399,3.681774616241455,0.00034439563751220703,0.6868686079978943,0.24708716571331024,0.14601117372512817,,,,,
88,23449,3.472594976425171,0.0002954155206680298,0.6476477384567261,0.23406070470809937,0.14601412415504456,,,,,
88,23499,3.6857426166534424,0.0004003793001174927,0.6918834447860718,0.22592487931251526,0.14602817595005035,,,,,
88,23549,3.011359691619873,0.00010161101818084717,0.554043710231781,0.24103961884975433,0.14604289829730988,,,,,
88,23584,,,,,,7.787970542907715,8.89897346496582e-05,1.291020154953003,1.3327757120132446,0.14604735374450684
89,23599,2.6211042404174805,0.00037403404712677,0.4779813885688782,0.23082324862480164,0.14605139195919037,,,,,
89,23649,3.5842416286468506,0.00014090538024902344,0.6655024886131287,0.2565881311893463,0.14605498313903809,,,,,
89,23699,3.9562230110168457,0.0001816004514694214,0.7442796230316162,0.23464323580265045,0.14606516063213348,,,,,
